{
  "project_info": {
    "project_number": "191904910901",
    "project_id": "my-first-app-steve",
    "storage_bucket": "my-first-app-steve.appspot.com"
  },
  "client": [
    {
      "client_info": {
        "mobilesdk_app_id": "1:191904910901:android:62a3434362753a64e6eb7c",
        "android_client_info": {
          "package_name": "com.example.myfirstapp_steve"
        }
      },
      "oauth_client": [
        {
          "client_id": "191904910901-c028hrcfua5a4saj1sd515j4lcr8t9eh.apps.googleusercontent.com",
          "client_type": 3
        }
      ],
      "api_key": [
        {
          "current_key": "AIzaSyDpZ-FxtPBgIGv6ono4_5SuZ7TqVxFcBtc"
        }
      ],
      "services": {
        "appinvite_service": {
          "other_platform_oauth_client": [
            {
              "client_id": "191904910901-c028hrcfua5a4saj1sd515j4lcr8t9eh.apps.googleusercontent.com",
              "client_type": 3
            }
          ]
        }
      }
    }
  ],
  "configuration_version": "1"
}